bank,file_start,file_end,cpu_start,cpu_end,classification,status,confidence,source_sha256,notes
0x00,0x000000,0x003fff,0x0000,0x3fff,header-and-code,fingerprinted,high,6576b4e0979e93d4a6fa02db893c294b7aeab3b841b1acc8658bc10b3554f33c,bank_sha256=979077c1267386064f5a3fa42b7d3a8e668d2df0c3e06c6bae26fdb1247c6be7; entropy=7.148893; unique_bytes=256; zero_bytes=364; ff_bytes=260
0x01,0x004000,0x007fff,0x4000,0x7fff,unclassified,fingerprinted,low,6576b4e0979e93d4a6fa02db893c294b7aeab3b841b1acc8658bc10b3554f33c,bank_sha256=c4247538d76f301363728e4a7f89190700432132451f33d89937ece3617c03c9; entropy=7.254003; unique_bytes=256; zero_bytes=583; ff_bytes=82
0x02,0x008000,0x00bfff,0x4000,0x7fff,unclassified,fingerprinted,low,6576b4e0979e93d4a6fa02db893c294b7aeab3b841b1acc8658bc10b3554f33c,bank_sha256=533b5a6c7533f6f3f40b5fc1d17ffba84b5b7583cada723fc1e3d42577692c55; entropy=6.978919; unique_bytes=255; zero_bytes=379; ff_bytes=257
0x03,0x00c000,0x00ffff,0x4000,0x7fff,unclassified,fingerprinted,low,6576b4e0979e93d4a6fa02db893c294b7aeab3b841b1acc8658bc10b3554f33c,bank_sha256=dfd68c0a8bc77fb0e16f1d079a38324d9b23623f5c3c7cbfadac8150026683de; entropy=7.349282; unique_bytes=256; zero_bytes=395; ff_bytes=262
0x04,0x010000,0x013fff,0x4000,0x7fff,unclassified,fingerprinted,low,6576b4e0979e93d4a6fa02db893c294b7aeab3b841b1acc8658bc10b3554f33c,bank_sha256=f77b18e01e1397725a57bc688231a5c52ed8dd628300dfa77764086b92f4c86a; entropy=6.778047; unique_bytes=256; zero_bytes=2173; ff_bytes=310
0x05,0x014000,0x017fff,0x4000,0x7fff,unclassified,fingerprinted,low,6576b4e0979e93d4a6fa02db893c294b7aeab3b841b1acc8658bc10b3554f33c,bank_sha256=dc051279962d56f656e9806f91b4607e9989c2a9cf7839a89e9a9f07816c8d35; entropy=6.30234; unique_bytes=255; zero_bytes=804; ff_bytes=178
0x06,0x018000,0x01bfff,0x4000,0x7fff,unclassified,fingerprinted,low,6576b4e0979e93d4a6fa02db893c294b7aeab3b841b1acc8658bc10b3554f33c,bank_sha256=2c2edb33e8e53d73c432225f1901aba7298086afd1468a87e51454555d366cf1; entropy=7.250023; unique_bytes=256; zero_bytes=367; ff_bytes=166
0x07,0x01c000,0x01ffff,0x4000,0x7fff,unclassified,fingerprinted,low,6576b4e0979e93d4a6fa02db893c294b7aeab3b841b1acc8658bc10b3554f33c,bank_sha256=3f7b33a64a54438d98db710ffa313171927eda4d30f4c75b17cce22a15e77268; entropy=7.184923; unique_bytes=255; zero_bytes=370; ff_bytes=217
0x08,0x020000,0x023fff,0x4000,0x7fff,unclassified,fingerprinted,low,6576b4e0979e93d4a6fa02db893c294b7aeab3b841b1acc8658bc10b3554f33c,bank_sha256=946c2e747f7735488c86982d3e6fa15c887240e80b0e84c25858b285d28779a1; entropy=7.059168; unique_bytes=256; zero_bytes=309; ff_bytes=287
0x09,0x024000,0x027fff,0x4000,0x7fff,unclassified,fingerprinted,low,6576b4e0979e93d4a6fa02db893c294b7aeab3b841b1acc8658bc10b3554f33c,bank_sha256=73b926764a8fab48eee70990edf41cce53b112705bdb3d97014f96a6bfa002bf; entropy=7.80888; unique_bytes=256; zero_bytes=13; ff_bytes=288
0x0a,0x028000,0x02bfff,0x4000,0x7fff,unclassified,fingerprinted,low,6576b4e0979e93d4a6fa02db893c294b7aeab3b841b1acc8658bc10b3554f33c,bank_sha256=bb56ce96522f1ced9056016e80fe4599a5e829ab181f29ac1009c755c75a2715; entropy=7.840146; unique_bytes=255; zero_bytes=11; ff_bytes=283
0x0b,0x02c000,0x02ffff,0x4000,0x7fff,unclassified,fingerprinted,low,6576b4e0979e93d4a6fa02db893c294b7aeab3b841b1acc8658bc10b3554f33c,bank_sha256=3b8ed6da57fb5894d08a755023d5eb12c70c8d879bba218a10c56d3b73476bf1; entropy=7.836844; unique_bytes=256; zero_bytes=203; ff_bytes=299
0x0c,0x030000,0x033fff,0x4000,0x7fff,unclassified,fingerprinted,low,6576b4e0979e93d4a6fa02db893c294b7aeab3b841b1acc8658bc10b3554f33c,bank_sha256=4d82057e843087d79f709150091cb8b19e2c902ecd1da390fc7c51e8a4447cc5; entropy=7.81998; unique_bytes=256; zero_bytes=10; ff_bytes=334
0x0d,0x034000,0x037fff,0x4000,0x7fff,unclassified,fingerprinted,low,6576b4e0979e93d4a6fa02db893c294b7aeab3b841b1acc8658bc10b3554f33c,bank_sha256=6d8d3c6832aff619ddd8bc59d9252d4ebd4b85bd48ac25690f40935d522ceee7; entropy=7.803008; unique_bytes=256; zero_bytes=250; ff_bytes=549
0x0e,0x038000,0x03bfff,0x4000,0x7fff,unclassified,fingerprinted,low,6576b4e0979e93d4a6fa02db893c294b7aeab3b841b1acc8658bc10b3554f33c,bank_sha256=e123cd79f6387866078e6471c52bd9a088ab3d2be7316214f3d26c520941aba9; entropy=7.145405; unique_bytes=256; zero_bytes=2018; ff_bytes=372
0x0f,0x03c000,0x03ffff,0x4000,0x7fff,unclassified,fingerprinted,low,6576b4e0979e93d4a6fa02db893c294b7aeab3b841b1acc8658bc10b3554f33c,bank_sha256=988c890788bdf774f0baed30276f1970185ea85f98c5857dfb707affe967f7ea; entropy=7.080828; unique_bytes=256; zero_bytes=292; ff_bytes=68
0x10,0x040000,0x043fff,0x4000,0x7fff,unclassified,fingerprinted,low,6576b4e0979e93d4a6fa02db893c294b7aeab3b841b1acc8658bc10b3554f33c,bank_sha256=1c8b1b57ca1c9e1d1932aa8499b6557fb32845d07d8ddc89576903f1704ce8b8; entropy=6.969505; unique_bytes=256; zero_bytes=1260; ff_bytes=436
0x11,0x044000,0x047fff,0x4000,0x7fff,unclassified,fingerprinted,low,6576b4e0979e93d4a6fa02db893c294b7aeab3b841b1acc8658bc10b3554f33c,bank_sha256=9eed2ef183b200d827c755800be557c8886f0bd5fa438e7b104c83f04d313b4b; entropy=7.196892; unique_bytes=256; zero_bytes=356; ff_bytes=333
0x12,0x048000,0x04bfff,0x4000,0x7fff,unclassified,fingerprinted,low,6576b4e0979e93d4a6fa02db893c294b7aeab3b841b1acc8658bc10b3554f33c,bank_sha256=ecabb17585af9324b3c66f92f9f1d9cdd7c735d26c8615e44a6f774a611637aa; entropy=7.12793; unique_bytes=256; zero_bytes=397; ff_bytes=209
0x13,0x04c000,0x04ffff,0x4000,0x7fff,unclassified,fingerprinted,low,6576b4e0979e93d4a6fa02db893c294b7aeab3b841b1acc8658bc10b3554f33c,bank_sha256=1c28fca1605d7362b5ca320489d7b56d0e931f4ec66c4445f6a92be2e89e2ba8; entropy=7.835871; unique_bytes=256; zero_bytes=35; ff_bytes=325
0x14,0x050000,0x053fff,0x4000,0x7fff,unclassified,fingerprinted,low,6576b4e0979e93d4a6fa02db893c294b7aeab3b841b1acc8658bc10b3554f33c,bank_sha256=768a410484a8a94059fe693444f8fbff99026b032fbb3e448e50822ab004f033; entropy=7.294475; unique_bytes=256; zero_bytes=349; ff_bytes=169
0x15,0x054000,0x057fff,0x4000,0x7fff,unclassified,fingerprinted,low,6576b4e0979e93d4a6fa02db893c294b7aeab3b841b1acc8658bc10b3554f33c,bank_sha256=a3e0bc466c6e1b4a4dee1e8794e27270ddf6aa1b1089ae09553bed60816af4da; entropy=7.139841; unique_bytes=255; zero_bytes=408; ff_bytes=127
0x16,0x058000,0x05bfff,0x4000,0x7fff,unclassified,fingerprinted,low,6576b4e0979e93d4a6fa02db893c294b7aeab3b841b1acc8658bc10b3554f33c,bank_sha256=66884ce4cbf9e30d7d611598b51c89287de9a03701a339d4a489456baf16934c; entropy=7.160632; unique_bytes=255; zero_bytes=403; ff_bytes=130
0x17,0x05c000,0x05ffff,0x4000,0x7fff,unclassified,fingerprinted,low,6576b4e0979e93d4a6fa02db893c294b7aeab3b841b1acc8658bc10b3554f33c,bank_sha256=013e19b8fc13aab1f0ea4deb897b3df6e4ab2101fb05e14effcbb3eb6c1d3d7a; entropy=7.101634; unique_bytes=256; zero_bytes=399; ff_bytes=189
0x18,0x060000,0x063fff,0x4000,0x7fff,unclassified,fingerprinted,low,6576b4e0979e93d4a6fa02db893c294b7aeab3b841b1acc8658bc10b3554f33c,bank_sha256=11ae2cc508fb6950a9dc72621ad9eb9c06914c909c7d00f5a1aa8d3eda4a3c60; entropy=7.049474; unique_bytes=255; zero_bytes=382; ff_bytes=184
0x19,0x064000,0x067fff,0x4000,0x7fff,unclassified,fingerprinted,low,6576b4e0979e93d4a6fa02db893c294b7aeab3b841b1acc8658bc10b3554f33c,bank_sha256=595f12b1ecf57c7e6ae430b9ee5cf256a939ab192ce2baa3d3b30cdb4e4f7619; entropy=6.50805; unique_bytes=253; zero_bytes=1473; ff_bytes=1584
0x1a,0x068000,0x06bfff,0x4000,0x7fff,unclassified,fingerprinted,low,6576b4e0979e93d4a6fa02db893c294b7aeab3b841b1acc8658bc10b3554f33c,bank_sha256=fb25a0f866b5b96aa53087b75ff96546f82ba36ddaab0fc2f9869468deb916d3; entropy=6.371074; unique_bytes=256; zero_bytes=1044; ff_bytes=1292
0x1b,0x06c000,0x06ffff,0x4000,0x7fff,unclassified,fingerprinted,low,6576b4e0979e93d4a6fa02db893c294b7aeab3b841b1acc8658bc10b3554f33c,bank_sha256=467f81554dc60b70c05127425e915d4f727b303ea88caa4e988b7dbfaeb4dc8e; entropy=6.201428; unique_bytes=255; zero_bytes=1420; ff_bytes=1810
0x1c,0x070000,0x073fff,0x4000,0x7fff,unclassified,fingerprinted,low,6576b4e0979e93d4a6fa02db893c294b7aeab3b841b1acc8658bc10b3554f33c,bank_sha256=3a8b03bbb91f27f63768d1a2d466cafba4df59613d4c38852b4c177a435142a8; entropy=6.873593; unique_bytes=256; zero_bytes=2113; ff_bytes=431
0x1d,0x074000,0x077fff,0x4000,0x7fff,unclassified,fingerprinted,low,6576b4e0979e93d4a6fa02db893c294b7aeab3b841b1acc8658bc10b3554f33c,bank_sha256=1122f5f5833e1473d2cd5c5d2fff68f250b8c069a08e3977ae4c7c7c91a5da63; entropy=7.091263; unique_bytes=256; zero_bytes=324; ff_bytes=170
0x1e,0x078000,0x07bfff,0x4000,0x7fff,unclassified,fingerprinted,low,6576b4e0979e93d4a6fa02db893c294b7aeab3b841b1acc8658bc10b3554f33c,bank_sha256=7e919b57c4e8fad1fe14dc0315522fd91c6eb8845eedc13c37146a85183217ca; entropy=6.782914; unique_bytes=256; zero_bytes=2202; ff_bytes=608
0x1f,0x07c000,0x07ffff,0x4000,0x7fff,unclassified,fingerprinted,low,6576b4e0979e93d4a6fa02db893c294b7aeab3b841b1acc8658bc10b3554f33c,bank_sha256=9038582544e60af0b53deef13d3994a98019551b0fd89065f7db6f139fe2a2c9; entropy=7.072184; unique_bytes=255; zero_bytes=404; ff_bytes=288

